date,120403,120381,148073,118989,119775,147445,118668,140228,129649,145678,147919,119212,145137,149019,119589,119556,120828,119539,119082,119382,130543,118780,120670,118814,141588,118569,119788,115132,119781,119132,149775,149760
2022-02-11,98.86,172.18,27.83,98.162,78.594,21.414,2160.3426,54.993,30.5,27.56,14.9359,118.076,22.08,11.06,155.279,58.905,143.5003,26.9054,32.8596,18.8011,28.4332,29.6921,38.2218,49.2521,14.1726,85.0425,15.4975,19.4375,20.7904,15.9089,10.1411,10.1177
2022-02-18,96.81,167.86,27.01,95.962,77.679,21.049,2113.1932,53.577,29.77,26.83,14.5114,113.689,21.35,10.74,150.9265,56.8314,136.0083,27.9623,32.8895,18.8185,28.1892,29.7425,38.3254,49.3163,14.1876,85.1572,15.8451,19.8919,21.1214,16.2909,10.3756,10.3444
2022-02-25,93.84,162.92,26.36,93.215,75.638,20.274,2065.2842,52.545,28.94,26.17,13.7724,109.724,20.6,10.3,146.5552,54.5103,128.2944,27.9399,32.8956,18.8045,27.737,29.7496,38.334,49.3455,14.1892,85.198,15.9925,20.1231,21.2871,16.4963,10.5301,10.4836
2022-03-04,91.67,159.54,25.83,91.673,74.236,20.1,2016.5119,51.524,28.94,26.01,13.6965,110.137,20.46,10.34,144.5511,54.0671,129.1184,27.912,32.8727,18.8022,27.5623,29.7299,38.2722,49.3192,14.1822,85.1571,16.3622,20.5959,21.7396,16.8199,10.9621,10.9426
2022-03-11,94.08,164.13,26.36,94.305,76.265,20.53,2048.6223,52.904,29.53,26.72,13.6974,115.396,21.03,10.78,148.8858,54.5147,133.8346,27.8855,32.8665,18.8073,27.9202,29.7354,38.2622,49.3431,14.1846,85.1472,16.5093,20.8759,21.8689,17.0668,11.235,11.2692
2022-03-18,97.26,167.87,26.96,96.349,78.513,21.11,2106.6282,54.408,29.97,27.19,14.1302,116.357,21.51,10.96,152.717,55.9271,135.7953,27.9469,32.9293,18.8385,28.2919,29.8051,38.3442,49.4131,14.214,85.3026,16.2437,20.4072,21.5686,16.6882,10.9655,10.9571
2022-03-25,96.62,169.26,26.97,96.745,77.923,21.041,2120.5325,54.14,29.96,27.32,14.0874,116.21,21.49,11.07,152.2049,55.8873,136.0598,28.0174,32.9553,18.8487,28.3098,29.8392,38.3997,49.4848,14.2402,85.3965,16.3878,20.6618,21.8423,16.8758,11.1149,11.1263
2022-04-01,98.89,174.03,27.6,98.624,80.368,21.594,2168.6829,55.634,31.02,28.09,14.4097,119.277,22.23,11.32,157.1762,57.3921,141.3374,28.0679,35.141,21.7042,28.6529,29.8369,38.4514,49.5483,14.26,85.493,16.2842,20.5595,21.8132,16.7908,10.7518,10.8222
2022-04-08,101.37,178.74,28.33,101.526,82.636,22.142,2229.4841,57.378,31.85,28.48,14.8036,123.68,22.63,11.52,160.173,59.0153,147.743,27.983,35.0767,21.6674,29.0832,29.8004,38.32,49.4674,14.2314,85.3987,16.4238,20.6103,21.928,16.9008,10.8065,10.7832
2022-04-15,100.05,176.09,28.16,101.122,82.554,22.017,2210.803,56.623,31.79,28.13,14.7122,124.608,22.26,11.43,157.97,58.4757,148.5273,27.9108,34.9879,21.633,28.9321,29.7471,38.2343,49.3506,14.1958,85.2688,16.7894,21.1023,22.5526,17.2537,11.1904,11.1906
2022-04-22,98.99,172.35,27.84,99.955,81.038,21.712,2176.1337,55.918,31.25,27.68,14.6864,123.179,22.14,11.3,156.0807,57.6353,145.6071,28.0153,35.0433,21.6697,28.7683,29.81,38.3507,49.4957,14.2304,85.4553,16.7317,20.9163,22.3221,17.1063,10.7605,10.761
2022-04-29,97.54,172.32,27.95,99.393,80.969,21.43,2177.0553,55.388,30.85,27.2,14.3304,120.062,21.63,11.1,153.6796,56.6422,139.3381,28.0538,35.0765,21.6812,28.569,29.8476,38.4169,49.5709,14.246,85.5218,16.4991,20.661,22.0141,16.9263,10.4902,10.4774
2022-05-06,92.45,163.6,26.61,94.424,77.884,20.597,2068.6791,52.856,29.38,25.81,13.7645,115.997,20.54,10.61,146.3325,53.8,132.1562,27.8162,34.8091,21.5425,27.8063,29.5436,38.0081,49.1349,14.1402,84.8519,16.4091,20.5447,21.7734,16.8305,10.1344,10.1426
2022-05-13,87.86,155.51,25.46,89.431,73.753,19.461,1980.1012,50.152,27.77,24.44,12.8543,110.025,19.62,9.93,137.6519,51.1952,121.3669,27.8617,34.8343,21.567,27.0363,29.5758,38.1106,49.1588,14.1523,84.8394,15.9679,20.0757,21.3072,16.4116,9.6064,9.6032
2022-05-20,91.16,159.69,26.13,92.387,75.722,19.982,2019.0263,51.813,28.53,25.06,13.4839,113.573,20.3,10.27,141.303,52.5263,129.6876,27.917,34.8727,21.5734,27.5434,29.6217,38.17,49.2166,14.1649,84.925,16.2044,20.2422,21.6773,16.5949,10.04,10.0493
2022-05-27,90.92,160.33,25.81,91.697,74.943,19.985,1999.2479,51.127,28.07,24.54,13.1738,110.01,20.0,9.91,138.9055,51.7398,125.1124,27.9541,34.9187,21.6031,27.4766,29.679,38.2537,49.2807,14.1878,85.0207,16.2507,20.3346,21.7398,16.6237,10.1226,10.0993
2022-06-03,92.57,164.03,26.56,93.995,76.173,20.237,2059.7945,52.141,29.0,25.46,13.6629,111.492,20.6,10.26,143.2621,52.8336,127.9217,27.9469,34.8918,21.5996,27.7787,29.6448,38.1991,49.2905,14.1836,85.0492,16.2647,20.3668,21.9855,16.7005,10.1242,10.0865
2022-06-10,90.85,161.65,26.0,92.144,74.662,19.95,2036.1999,51.317,28.69,24.94,13.4861,109.941,20.2,10.09,140.5957,51.8636,126.7636,27.9769,34.9149,21.5984,27.5361,29.6525,38.1972,49.3464,14.1923,85.0825,16.1963,20.2181,21.572,16.5716,9.8673,9.8336
2022-06-17,86.17,153.8,24.64,87.981,71.481,18.959,1934.8358,48.645,27.09,23.64,12.5798,103.592,19.06,9.46,133.3587,49.1656,116.7758,27.9419,34.8885,21.5987,26.7302,29.6288,38.167,49.3038,14.1789,85.0681,16.2317,20.3148,21.6247,16.6262,9.9845,9.9557
2022-06-24,88.0,158.3,25.08,89.912,72.551,19.416,1974.5671,49.884,27.61,24.15,12.7558,105.081,19.44,9.63,136.7061,50.3238,118.269,28.0123,34.9771,21.6596,27.0478,29.711,38.3406,49.3885,14.2117,85.2118,16.0921,20.1383,21.4556,16.4862,9.6379,9.6335
2022-07-01,88.67,160.39,25.44,90.681,73.561,19.782,1987.6119,50.359,28.2,24.6,12.8939,106.909,19.79,9.81,138.7201,50.9042,120.2592,28.0672,35.044,21.6874,27.2736,29.7874,38.4661,49.5024,14.2446,85.3682,16.3907,20.4574,21.7818,16.7245,9.4027,9.414
2022-07-08,91.95,166.49,26.49,94.008,76.225,20.479,2064.5887,52.527,29.18,25.38,13.3443,111.333,20.34,10.09,142.451,52.5123,124.3348,28.1465,35.1314,21.7174,27.8312,29.8716,38.5945,49.6627,14.2904,85.5771,16.101,20.1047,21.4445,16.441,9.2053,9.2072
2022-07-15,92.5,167.88,26.9,95.23,76.791,20.59,2073.4433,53.181,29.59,25.49,13.4184,111.987,20.51,10.19,142.6888,52.6846,124.7775,32.4802,35.1674,21.7355,27.8961,29.9111,38.6703,49.7133,14.3051,85.6605,16.0841,19.9052,21.1893,16.3451,8.8817,8.8816
2022-07-22,95.62,173.62,27.6,98.81,79.934,21.554,2150.4944,55.121,30.4,26.3,13.9881,116.238,21.27,10.58,148.4016,54.3778,129.4618,32.5499,35.2,21.7628,28.5284,29.9449,38.7214,49.7582,14.3193,85.7339,16.2139,20.1457,21.502,16.4585,8.9467,8.9603
2022-07-29,97.2,175.55,28.16,100.461,81.645,21.976,2171.4955,56.098,30.88,26.69,14.1609,117.143,21.65,10.75,150.4712,55.283,130.845,32.6297,35.2496,21.8121,28.7489,30.0014,38.8508,49.8603,14.3519,85.8943,16.2282,20.3633,21.598,16.594,9.3068,9.3175
2022-08-05,98.64,176.65,28.82,102.186,83.067,22.233,2224.8932,56.685,31.21,27.24,14.3441,118.111,21.7,10.78,152.1497,55.7922,132.7894,32.6485,35.2883,21.8243,29.0189,30.0469,38.8949,49.9087,14.3663,85.9902,16.4396,20.6273,21.8484,16.8297,9.281,9.3125
2022-08-12,99.88,178.34,29.18,103.805,84.303,22.38,2262.5951,57.931,31.72,27.69,14.5569,118.558,22.04,10.92,155.762,56.1047,134.541,32.7505,35.3512,21.8515,29.323,30.1067,39.0009,50.0426,14.401,86.1647,16.6042,20.7613,22.002,16.9836,9.4448,9.4323
2022-08-19,99.99,178.55,29.16,104.528,84.768,22.529,2264.1594,58.204,31.78,27.74,14.6679,118.879,22.2,11.02,156.1799,56.594,135.2789,32.8132,35.3958,21.8944,29.4574,30.1551,39.0862,50.1281,14.4231,86.2949,16.3061,20.4968,21.713,16.7184,9.0569,9.0362
2022-08-26,100.76,179.48,29.34,105.489,85.089,22.586,2285.6804,58.876,32.16,28.24,14.9435,119.977,22.49,11.26,157.059,57.2764,137.0145,32.8561,35.4295,21.92,29.6115,30.196,39.1615,50.1919,14.4474,86.3819,16.3347,20.4455,21.6794,16.729,9.0251,9.0176
2022-09-02,101.65,180.85,29.76,106.277,86.166,22.689,2300.7986,59.573,32.7,28.58,14.9887,121.032,22.65,11.39,159.8084,57.8533,139.5016,32.9089,35.4545,21.9269,29.7039,30.2304,39.2086,50.2854,14.464,86.4343,15.9397,20.0047,21.304,16.3723,8.5515,8.5615
2022-09-09,104.14,185.15,30.65,108.859,87.923,23.088,2361.0517,60.819,33.58,29.52,15.3732,123.323,23.17,11.72,163.737,59.0428,143.4948,33.0339,35.5035,21.9561,30.1086,30.282,39.2981,50.3279,14.4861,86.5674,16.0757,20.1435,21.4674,16.4747,8.8868,8.8534
2022-09-16,102.57,183.86,30.06,108.462,86.816,22.844,2349.1994,60.316,33.34,29.01,15.2677,123.454,22.9,11.59,162.336,58.9383,142.9725,32.9962,35.4505,21.9256,29.9573,30.2703,39.2564,50.2969,14.4704,86.4323,15.5802,19.4988,20.7737,15.9639,8.9367,8.9222
2022-09-23,101.52,181.0,29.92,106.973,85.559,22.442,2317.036,59.291,33.32,28.93,15.05,123.149,22.85,11.35,160.4982,58.1943,143.1415,32.8989,35.3734,21.8793,29.6589,30.2098,39.1459,50.1735,14.4412,86.247,15.7235,19.7256,20.9616,16.2058,9.1695,9.1745
2022-09-30,101.16,180.97,29.89,105.855,84.831,22.265,2289.6312,58.707,33.33,28.97,14.8863,120.931,22.81,11.31,159.1704,57.5382,140.3273,32.9532,35.4359,21.9171,29.5574,30.2815,39.2265,50.2916,14.4674,86.3862,15.8879,19.901,21.2116,16.2789,9.1296,9.1034
2022-10-07,103.07,183.86,30.31,108.132,85.878,22.587,2328.7402,59.952,33.91,29.46,15.2661,123.785,23.15,11.5,162.0116,58.6639,143.4932,32.9874,35.4279,21.9169,29.8967,30.3048,39.2354,50.3382,14.4721,86.4281,16.3903,20.5129,21.7657,16.7673,9.8321,9.8105
2022-10-14,100.33,179.81,29.66,105.401,83.9,22.185,2273.8915,58.516,33.29,28.84,15.0441,121.118,22.66,11.27,159.0108,57.5222,139.7304,32.9938,35.4129,21.919,29.5738,30.2873,39.2256,50.3025,14.4599,86.3951,15.9706,19.9657,21.1973,16.3068,9.0781,9.053
2022-10-21,101.88,181.9,29.61,106.234,84.697,22.402,2287.3096,58.902,33.16,28.75,15.0638,121.023,22.88,11.33,161.2675,57.938,142.1911,33.0365,35.4669,21.9411,29.8139,30.3473,39.2801,50.4138,14.4845,86.4862,15.8127,19.7012,20.9951,16.116,8.9848,8.9767
2022-10-28,102.82,183.13,29.42,107.466,84.493,22.465,2300.0361,59.141,33.21,28.7,15.1507,120.485,23.04,11.36,161.7345,57.9856,143.101,33.1234,35.549,22.0038,30.0107,30.4163,39.3998,50.5288,14.5204,86.7129,15.9988,19.9327,21.2976,16.3138,9.2524,9.2773
2022-11-04,104.42,187.19,30.05,110.699,86.496,22.841,2344.3963,60.673,33.69,29.06,15.2738,122.575,23.16,11.44,161.4631,58.3949,145.9032,33.1456,35.5854,23.5706,30.3699,30.452,39.4247,50.6033,14.5384,86.7817,15.9339,19.9739,21.177,16.3244,9.508,9.4572
2022-11-11,104.54,185.64,29.72,109.65,86.56,22.867,2321.5357,60.153,32.93,28.76,15.1568,120.57,22.98,11.37,160.4882,57.8349,145.9915,33.303,35.6983,23.6605,30.4525,30.5441,39.5882,50.7469,14.5821,87.062,16.507,20.6414,22.1127,16.9008,9.9501,9.985
2022-11-18,103.62,182.96,29.22,109.045,85.227,22.557,2293.4359,59.293,32.3,28.91,15.1665,119.964,23.15,11.49,160.2101,57.0853,144.8725,33.3568,35.7647,23.6933,30.3799,30.5955,39.6502,50.8473,14.611,87.1881,16.6468,20.8726,22.1762,17.0785,9.9024,9.8631
2022-11-25,104.76,185.32,29.54,110.873,86.202,22.916,2336.7864,59.981,32.23,29.16,15.3665,121.683,23.32,11.58,162.4316,57.8082,148.9404,33.4076,35.8095,23.7251,30.7071,30.6471,39.7105,50.928,14.6319,87.309,16.5748,20.747,22.0317,16.9862,9.9244,9.9059
2022-12-02,107.71,190.29,30.28,113.758,88.468,23.479,2421.1459,61.3,32.64,29.7,15.6603,124.85,23.9,11.79,165.2072,59.3414,152.1193,33.5175,35.8783,23.7822,31.0475,30.6931,39.8065,51.0343,14.6577,87.5039,16.958,21.1594,22.4404,17.3238,10.3796,10.3384
2022-12-09,106.6,188.81,29.9,112.658,87.613,23.172,2398.394,60.668,32.12,29.41,15.5362,123.246,23.69,11.58,163.1952,59.003,152.4311,33.5153,35.8964,23.7846,30.9656,30.7184,39.8203,51.0824,14.6692,87.5027,16.9507,21.2612,22.493,17.419,10.5923,10.5848
2022-12-16,105.59,186.59,29.52,112.158,86.683,22.992,2366.3285,59.905,31.81,29.19,15.4988,123.032,23.54,11.47,162.87,58.528,154.276,33.5923,35.9726,23.8223,30.863,30.7701,39.8901,51.1626,14.6907,87.6408,17.0505,21.2606,22.5939,17.4222,10.5137,10.5253
2022-12-23,100.86,176.98,28.24,106.411,83.68,22.062,2249.5261,56.964,30.28,27.59,14.4795,116.018,22.27,10.72,154.951,54.9106,141.1731,33.5518,36.0124,23.8304,30.1895,30.8232,39.9037,51.1935,14.7011,87.6894,17.129,21.5152,22.8777,17.6604,10.8164,10.8214
2022-12-30,104.6,184.66,29.0,111.024,85.956,22.922,2321.0407,59.051,31.39,28.78,15.2693,121.892,23.21,11.14,160.8929,57.5098,153.4609,33.6274,36.0433,23.855,30.7786,30.8102,39.9495,51.2503,14.7147,87.8193,17.2472,21.5892,22.9881,17.7114,10.8832,10.8975
2023-01-06,103.88,184.24,28.73,111.006,85.729,22.843,2312.2107,58.497,31.14,28.48,15.1783,121.855,23.18,11.09,160.4865,57.3601,153.9128,33.6419,36.071,23.8625,30.7615,30.8665,39.9741,51.3228,14.7282,87.8875,17.4544,21.9087,23.2766,17.9531,10.8785,10.8409
2023-01-13,103.34,186.03,28.57,111.548,85.595,22.795,2315.3608,58.57,31.28,28.66,15.1878,122.382,23.24,11.12,161.6306,58.0027,155.2311,33.7339,36.1693,23.9381,30.8611,30.937,40.0776,51.4405,14.7603,88.1053,17.7623,22.2376,23.7038,18.2978,10.9573,10.89
2023-01-20,102.32,183.98,28.35,110.665,84.887,22.527,2307.7269,57.968,31.08,28.46,15.126,121.205,23.15,11.09,160.0824,57.883,155.5929,33.7272,36.196,23.9581,30.8413,30.9535,40.1044,51.4882,14.7752,88.1619,17.9806,22.4782,23.8334,18.3964,10.9708,10.9561
2023-01-27,100.52,179.87,27.7,108.301,83.006,22.021,2253.8861,56.859,30.43,27.63,14.7136,118.496,22.69,10.84,157.4149,56.3871,148.4937,33.737,36.2098,23.9684,30.4921,30.9844,40.1304,51.5226,14.7824,88.2245,17.9582,22.4871,23.8715,18.4547,10.9454,10.9367
2023-02-03,102.43,178.68,28.01,109.657,84.265,22.013,2276.4169,58.008,30.81,28.28,14.9158,119.802,23.01,10.89,159.2304,56.6639,149.7061,33.8412,36.2856,24.0186,30.7912,31.0504,40.211,51.6412,14.8118,88.4042,18.2266,22.8163,24.1404,18.6709,11.155,11.1643
2023-02-10,103.42,181.45,28.56,111.316,85.953,22.314,2326.2021,59.222,31.41,28.29,15.1973,121.091,23.19,10.92,161.3369,57.4505,151.2203,33.847,36.286,24.0096,30.9413,31.0605,40.2187,51.6316,14.8163,88.406,17.9323,22.4586,23.8714,18.3766,10.7493,10.7039
2023-02-17,102.61,179.25,28.13,110.523,86.07,22.021,2303.8035,58.707,30.86,28.04,15.1551,120.401,23.02,10.9,159.5192,56.8721,150.9786,33.8631,36.2914,24.0187,30.9377,31.0719,40.2344,51.601,14.8205,88.4437,17.6456,22.0966,23.5155,18.1008,10.4302,10.3917
2023-02-24,100.62,174.72,28.08,108.554,84.971,21.845,2263.401,57.637,30.63,27.6,15.0269,119.124,22.85,10.71,157.2245,56.1244,147.4731,33.9229,36.3134,24.0293,30.7054,31.0975,40.2798,51.6433,14.8298,88.5139,17.6239,22.0592,23.4625,18.0671,10.3814,10.3579
2023-03-03,101.61,177.06,28.26,109.912,85.791,21.951,2292.3,58.427,30.96,27.93,15.2244,120.606,23.06,10.75,159.898,56.7058,150.7203,33.9969,36.3493,24.0539,30.9146,31.1217,40.3246,51.6575,14.8394,88.6135,17.6522,22.082,23.3995,18.1325,10.2845,10.2997
2023-03-10,101.1,176.16,28.04,110.099,85.525,21.88,2282.9008,58.296,30.84,28.03,15.3465,120.642,23.05,10.72,159.5143,56.3418,151.9239,34.0454,36.396,24.0804,30.9313,31.142,40.3617,51.6991,14.8527,88.7333,17.5627,21.9609,23.2982,17.9779,9.9605,9.9317
2023-03-17,99.22,174.14,27.43,108.072,84.158,21.412,2234.8645,57.168,30.05,27.37,14.9977,117.798,22.38,10.45,156.0341,54.9006,146.4459,34.1023,36.506,24.1487,30.6858,31.2287,40.4738,51.8738,14.8997,88.9885,18.2677,22.9428,24.3443,18.7223,10.682,10.6789
2023-03-24,97.71,170.68,27.13,106.147,82.835,21.1,2191.2256,56.281,29.78,27.12,14.8773,116.73,22.23,10.41,155.5252,54.2031,144.3263,34.1692,36.5659,24.2018,30.574,31.2841,40.5699,52.0056,14.9357,89.1738,18.726,23.4611,24.9391,19.1774,11.1661,11.1799
2023-03-31,99.81,173.1,27.6,108.223,83.856,21.505,2240.4115,57.635,30.1,27.6,15.1765,116.641,22.72,10.49,157.0975,54.8968,146.6052,34.2385,36.8502,24.2369,30.8518,31.4499,40.6509,52.1127,14.9723,89.302,18.8941,23.4932,24.9578,19.2687,11.4754,11.4524
2023-04-07,100.65,174.15,27.99,109.835,84.689,21.663,2259.2506,57.891,30.62,28.0,15.3271,119.938,22.89,10.52,159.0447,55.8434,150.1967,34.3985,36.9668,24.3061,31.1441,31.5681,40.7966,52.3486,15.0284,89.6293,18.9977,23.8822,25.2722,19.5727,11.8768,11.8648
2023-04-14,102.37,176.67,28.47,110.817,85.382,21.904,2303.6322,58.433,31.26,28.33,15.4535,120.542,23.09,10.58,161.1794,56.5029,152.2247,34.4602,37.0451,24.3361,31.2613,31.6295,40.8515,52.4178,15.0514,89.7486,19.0943,23.9605,25.4019,19.6057,12.1046,12.1309
2023-04-21,102.87,176.69,28.47,111.041,85.484,21.949,2301.3862,58.366,31.41,28.41,15.5306,121.968,23.03,10.52,161.7403,56.6553,152.0207,34.5457,37.1201,24.3811,31.2733,31.711,40.9745,52.5345,15.0846,89.9352,18.9299,23.6776,25.0688,19.4105,11.9312,11.9819
2023-04-28,105.41,179.88,29.02,113.013,86.591,22.277,2343.3624,60.005,31.82,29.06,15.8443,123.399,23.48,10.61,165.6429,57.8962,157.0094,34.6012,37.1861,24.4122,31.6623,31.7634,41.0752,52.701,15.1269,90.081,18.9115,23.6635,25.0588,19.3401,11.7978,11.8428
2023-05-05,106.86,181.62,29.53,114.742,87.088,22.36,2372.5821,60.708,32.18,29.29,15.8847,124.247,23.72,10.68,167.4687,59.1124,157.7918,34.7029,37.2456,24.4487,31.8571,31.8276,41.1927,52.8044,15.1524,90.2352,19.3543,24.2002,25.6468,19.8274,12.1708,12.3042
2023-05-12,107.91,183.63,29.96,115.112,88.042,22.679,2407.861,61.279,32.41,29.78,15.9809,126.203,24.14,10.85,169.4383,60.4428,159.4469,34.7836,37.2902,24.4848,32.0614,31.8805,41.2629,52.8992,15.1734,90.3599,19.1392,23.9454,25.4488,19.6067,11.5411,11.5225
2023-05-19,108.29,181.4,30.12,116.066,87.951,22.654,2421.3192,61.691,32.89,30.19,16.2152,127.246,24.47,10.96,171.0313,61.3198,160.154,34.8365,37.3628,24.5233,32.2018,31.946,41.3312,53.0325,15.2096,90.5301,18.9561,23.718,25.1737,19.4448,11.5284,11.5414
2023-05-26,110.37,185.3,30.59,118.204,89.718,23.082,2471.9211,62.723,33.34,30.48,16.5055,129.386,24.85,11.08,173.3336,61.9842,160.7599,34.9144,37.4245,24.5591,32.4745,32.0044,41.3995,53.1064,15.232,90.6597,18.8773,23.639,25.1203,19.3266,11.2862,11.3058
2023-06-02,112.15,187.55,31.1,120.768,91.002,23.459,2515.4685,63.737,34.02,30.99,16.9118,132.764,25.39,11.25,177.7456,63.3119,164.2626,34.9718,37.481,24.6008,32.7598,32.056,41.4799,53.1775,15.2533,90.8091,19.0059,23.6805,25.1585,19.4323,11.5729,11.5849
2023-06-09,112.95,189.86,31.45,123.257,91.734,23.679,2533.8281,64.237,34.77,31.53,17.1145,134.845,25.77,11.31,179.2826,63.9269,166.8912,34.9628,37.4901,24.596,33.0241,32.0763,41.4712,53.242,15.2588,90.8486,18.8302,23.4994,24.9943,19.2848,11.7502,11.7754
2023-06-16,116.51,195.48,32.28,127.19,94.178,24.326,2609.4828,66.12,35.58,32.22,17.5946,138.339,26.34,11.54,183.1886,65.2439,170.2786,35.0101,37.5634,24.63,33.4109,32.1391,41.5278,53.2606,15.2724,90.9346,18.7189,23.3738,24.7815,19.1632,11.5487,11.5862
2023-06-23,114.96,192.82,32.03,125.94,93.626,24.244,2580.1686,65.237,35.55,32.26,17.4171,137.935,26.19,11.67,182.3196,64.7461,168.9857,35.0264,37.5919,24.6314,33.2491,32.1835,41.5417,53.2864,15.2806,90.9777,18.3567,22.9289,24.2979,18.7513,10.9406,10.9263
2023-06-30,117.12,195.57,32.58,129.315,95.149,24.954,2656.24,66.489,35.99,32.52,17.7727,140.53,26.54,11.75,185.8585,66.1189,171.1339,35.0519,37.6165,24.6364,33.711,32.2353,41.577,53.3553,15.2972,91.0452,18.1809,22.748,24.0225,18.615,10.9589,10.951
2023-07-07,117.83,198.09,32.61,130.719,95.123,25.131,2675.1908,66.15,36.39,32.94,18.0139,142.356,26.78,11.91,187.4538,66.9601,174.0053,35.0721,37.6988,24.6398,33.9834,32.2714,41.6031,53.3866,15.307,91.1259,18.4207,23.0627,24.4132,18.8967,11.1376,11.1724
2023-07-14,119.64,200.03,33.24,132.001,96.13,25.582,2709.9583,67.024,37.25,33.49,18.2174,144.085,27.44,12.2,189.8495,68.2684,176.5337,35.1673,37.7663,24.7117,34.2187,32.3492,41.7264,53.5116,15.3494,91.3418,18.657,23.3125,24.741,19.0978,11.9446,11.9275
2023-07-21,120.1,199.99,33.42,132.884,97.221,25.744,2717.6932,67.275,37.65,33.57,18.2977,147.716,27.62,12.2,191.9142,69.0607,180.3736,35.2291,37.8349,24.7415,34.4237,32.3978,41.8042,53.6063,15.377,91.464,18.6853,23.3585,24.7357,19.1155,11.8728,11.9001
2023-07-28,120.31,204.23,33.63,135.41,97.775,26.175,2759.5246,68.145,37.67,33.68,18.4911,150.257,27.66,12.24,192.4878,69.6942,182.4844,35.2181,37.8594,24.7334,34.6503,32.4358,41.7797,53.6191,15.3819,91.5032,18.6635,23.3304,24.7209,19.0818,11.7132,11.7299
2023-08-04,121.0,203.61,33.92,134.465,98.686,26.468,2776.5847,68.338,38.23,34.11,18.6584,150.352,27.82,12.31,195.8997,70.5211,184.9344,35.2446,37.9003,24.7447,34.6066,32.4797,41.8125,53.6481,15.3915,91.5995,18.6094,23.2744,24.6674,19.0812,11.5072,11.5258
2023-08-11,121.61,204.93,33.92,135.75,99.769,26.675,2809.2233,68.776,38.86,34.14,18.7453,150.362,27.82,12.25,196.2919,71.0952,187.3716,35.288,37.9525,24.7695,34.7131,32.5264,41.8608,53.701,15.4085,91.666,18.5231,23.1256,24.5123,18.9486,11.2085,11.2204
2023-08-18,121.15,203.95,33.98,135.739,99.918,26.55,2798.9836,68.722,38.86,34.1,18.7529,149.873,27.72,12.14,196.1612,70.8547,186.7208,35.3074,37.998,24.7872,34.7204,32.553,41.8906,53.7352,15.4172,91.7582,18.383,22.9446,24.3236,18.8235,11.2705,11.2813
2023-08-25,122.74,205.86,34.38,138.384,101.066,27.025,2845.0964,69.97,40.06,34.72,18.916,151.621,28.04,12.3,199.2563,71.9313,188.327,35.3688,38.0673,24.8232,34.9857,32.6288,41.9698,53.8398,15.4487,91.9142,18.4257,23.0508,24.449,18.8962,11.7187,11.7522
2023-09-01,125.84,211.97,35.37,140.876,102.987,27.7,2923.9076,71.681,41.31,35.86,19.4469,156.85,28.83,12.52,204.549,74.0709,195.7574,35.4466,38.1276,24.8681,35.3133,32.6721,42.0564,53.9528,15.4796,92.0645,18.6547,23.31,24.6856,19.079,11.8793,11.9133
2023-09-08,128.93,217.54,36.34,144.778,105.713,28.427,3030.5147,73.295,41.99,36.64,19.9384,159.733,29.52,12.77,209.6845,75.7186,199.8179,35.4626,38.1609,24.887,35.7683,32.7227,42.0868,53.9947,15.4944,92.1759,18.5577,23.1656,24.5886,19.0271,11.351,11.3668
2023-09-15,128.32,216.78,35.97,143.665,104.226,28.29,3001.4614,72.749,41.59,36.74,19.871,158.011,29.15,12.76,208.8563,75.2436,196.977,35.5496,38.1985,24.9241,35.7973,32.7738,42.1565,54.0566,15.518,92.2424,18.4786,23.0957,24.472,18.9496,11.4446,11.4571
2023-09-22,125.48,211.9,35.12,142.009,102.746,27.846,2963.8472,71.234,40.82,35.92,19.5185,154.865,28.64,12.52,205.0862,73.4116,192.7206,35.5981,38.2676,24.9537,35.5203,32.835,42.2212,54.1265,15.5378,92.3885,18.5428,23.1601,24.5248,18.9783,11.622,11.6344
2023-09-29,126.7,214.27,35.48,143.71,103.939,28.073,2987.8851,72.313,41.33,36.83,19.9896,156.416,29.04,12.73,209.0802,74.2763,195.9769,35.559,38.2953,24.9468,35.6855,32.8785,42.2196,54.1566,15.545,92.4752,18.1664,22.6967,24.0169,18.5998,11.4158,11.4288
2023-10-06,126.73,213.98,35.4,143.133,103.546,27.961,2974.6164,71.783,41.69,37.35,20.1529,157.854,29.28,12.82,211.2808,74.4986,196.7113,35.4598,38.2952,24.8946,35.6562,32.8787,42.1358,54.086,15.5215,92.5158,17.8078,22.3113,23.6092,18.2396,11.125,11.0559
2023-10-13,127.39,215.35,35.69,143.807,104.313,28.012,2999.73,72.507,42.31,37.9,20.4096,159.127,29.69,12.84,212.0764,75.049,197.5826,35.5308,38.3636,24.941,35.7866,32.9446,42.2442,54.1876,15.5472,92.6411,18.291,22.811,24.289,18.7596,11.1744,11.1263
2023-10-20,126.12,212.06,35.36,142.417,104.358,27.661,2979.6978,71.751,42.26,37.66,20.3727,158.239,29.66,12.8,211.896,75.0066,195.1346,35.5444,41.3357,24.9486,35.6691,32.9758,42.2532,54.2017,15.5567,92.7214,19.054,23.7381,25.1904,19.4482,11.4513,11.4602
2023-10-27,123.79,206.92,34.51,139.51,101.9,26.868,2917.9467,70.746,41.45,36.83,19.8349,153.361,29.29,12.51,205.3011,72.601,189.6245,35.6,41.4086,24.9823,35.2701,33.0135,42.328,54.2764,15.5798,92.8466,19.0322,23.7934,25.2817,19.5282,11.3451,11.3641
2023-11-03,125.95,210.59,34.93,142.333,103.284,27.228,2981.5153,72.093,41.88,37.6,20.2464,154.089,30.32,12.74,210.4337,73.5596,192.3937,35.6876,41.492,25.0365,35.5465,33.0805,42.4362,54.3807,15.6113,92.9697,19.1359,23.8811,25.4067,19.5533,11.3091,11.3073
2023-11-10,129.23,216.41,35.7,145.907,105.418,27.825,3060.5594,74.23,42.72,38.58,20.8632,158.146,31.08,13.03,212.7717,75.0824,197.5176,35.7545,41.5595,25.0755,35.9138,33.1429,42.5227,54.4776,15.6411,93.1242,18.9243,23.6631,25.1218,19.3657,11.2886,11.2859
2023-11-17,131.98,222.64,36.83,149.562,107.634,28.31,3125.4614,76.583,44.16,39.79,21.6488,163.302,32.07,13.27,219.2862,76.3211,202.7324,35.8831,41.645,25.157,36.3734,33.1991,42.6629,54.6311,15.6813,93.3483,19.1031,23.885,25.3383,19.53,11.6713,11.702
2023-11-24,132.85,226.45,36.82,149.141,107.403,28.385,3142.1006,76.658,43.95,39.87,21.655,165.747,32.04,13.35,220.7086,77.0661,205.3749,35.8512,41.6579,25.143,36.4045,33.2179,42.6382,54.5971,15.6763,93.3757,19.1995,24.0423,25.5117,19.687,11.6041,11.6368
2023-12-01,136.21,233.54,37.79,153.022,109.694,29.267,3259.4201,78.862,44.81,40.77,22.1828,168.847,32.91,13.65,227.3433,78.5542,211.5537,35.8728,41.7156,25.1657,36.922,33.2652,42.6774,54.6624,15.6945,93.4954,19.6581,24.5425,26.0226,20.0898,12.1493,12.1765
2023-12-08,138.18,238.44,38.06,156.557,110.916,29.859,3331.1369,80.024,44.26,40.52,22.5338,167.582,32.85,13.8,227.7089,78.8505,216.5336,35.9233,41.7715,25.2141,37.3258,33.3152,42.7613,54.7564,15.7208,93.6195,19.5252,24.4356,25.9306,19.9387,11.7249,11.7283
2023-12-15,140.19,243.77,38.88,160.694,112.878,30.401,3408.7949,82.544,45.25,41.16,23.1743,171.343,33.58,13.97,234.5541,80.7122,221.2635,36.0997,41.8771,25.3155,37.8705,33.3966,42.9305,54.946,15.7722,93.8106,19.5071,24.3427,25.8245,19.9639,11.7931,11.7888
2023-12-22,139.83,241.71,38.48,158.213,112.754,30.487,3388.2224,81.728,44.9,40.93,23.2587,171.4,33.6,13.9,234.2547,80.2996,222.7573,36.1505,41.9422,25.3391,37.7386,33.4495,42.9718,55.0302,15.7941,93.9384,19.6036,24.537,25.979,20.0514,11.8771,11.8953
2023-12-29,142.1,247.23,38.92,161.481,114.341,31.182,3475.9744,82.932,44.88,41.11,23.6103,173.636,33.91,14.02,236.3715,81.0128,227.1952,36.2034,42.0076,25.3878,38.0884,33.4982,43.0354,55.101,15.82,94.0743,19.7358,24.756,26.2684,20.2742,11.6949,11.6851
2024-01-05,144.49,253.16,39.52,163.504,115.169,31.881,3546.7557,84.321,45.62,41.99,24.0264,175.781,34.7,14.2,240.0711,82.7128,233.3146,36.1687,42.0509,25.3807,38.3049,33.531,43.0368,55.1365,15.8261,94.104,19.6209,24.5188,26.0173,20.072,11.4281,11.4175
2024-01-12,145.93,255.85,39.83,164.916,116.154,31.937,3523.6195,85.363,46.19,42.08,24.3926,177.739,34.85,14.25,240.1473,83.5798,238.8344,36.2885,42.1255,25.4501,38.5038,33.5964,43.143,55.2565,15.8575,94.3079,19.5525,24.4165,25.8338,20.0163,11.3658,11.3718
2024-01-19,146.27,255.92,39.55,166.076,114.969,31.556,3492.8586,84.999,45.85,41.94,24.4284,176.408,34.75,14.13,237.9253,82.9208,239.7748,36.3346,42.1811,25.4748,38.554,33.6414,43.1937,55.316,15.8766,94.4065,19.5416,24.3653,25.8094,19.9131,11.339,11.3565
2024-01-26,145.1,252.32,39.12,164.653,112.943,31.362,3454.5806,84.502,45.25,42.02,24.1507,174.162,34.44,13.95,236.9461,82.2054,243.7022,36.3703,42.2223,25.5028,38.4337,33.6802,43.2477,55.3871,15.8963,94.5003,19.4876,24.3234,25.7513,19.9163,11.3682,11.3496
2024-02-02,149.66,263.61,40.29,169.762,115.018,32.223,3537.6681,87.191,46.35,42.79,25.2387,177.615,35.88,14.1,243.9228,84.1942,255.2309,36.5922,42.3523,25.6145,39.0426,33.7803,43.4484,55.6718,15.9749,94.7427,19.7272,24.7074,26.0788,20.1501,11.4085,11.4573
2024-02-09,151.38,262.9,40.51,170.418,115.704,32.267,3560.9109,87.701,46.08,42.61,25.2036,177.56,35.93,14.22,245.6273,83.2021,253.9839,36.572,42.3844,25.6114,39.0197,33.8079,43.4279,55.6931,15.9817,94.8331,19.5656,24.4289,25.8806,19.9886,11.2552,11.2541
2024-02-16,153.02,266.94,40.86,172.816,116.809,32.662,3564.2414,88.511,45.68,42.36,25.3399,177.899,36.01,14.32,246.4221,83.2949,254.6994,36.6414,42.4476,25.649,39.2435,33.843,43.4976,55.7567,16.0004,94.9252,19.3502,24.1274,25.5708,19.7496,11.3413,11.3129
2024-02-23,153.28,268.21,41.29,172.989,117.847,32.72,3573.7628,88.767,45.81,42.1,25.5412,179.678,35.92,14.31,245.3508,83.4854,261.443,36.7102,42.5197,25.6991,39.3372,33.9024,43.5822,55.8877,16.0336,95.0921,19.3391,24.1825,25.6139,19.8149,11.1464,11.1287
2024-03-01,151.78,266.24,40.97,172.266,117.856,32.664,3534.4512,88.281,45.63,42.16,25.3158,178.306,35.72,14.25,244.2355,83.0379,257.0124,36.7817,42.614,25.7351,39.3687,33.9558,43.668,55.9757,16.0637,95.2453,19.5,24.3443,25.8403,19.95,11.1461,11.1396
2024-03-08,151.03,266.86,41.02,173.136,117.644,32.569,3535.8182,88.487,44.6,41.7,25.1074,174.237,35.01,13.84,241.8954,82.0114,255.2005,36.8592,42.692,25.7798,39.4724,34.0093,43.7629,56.0961,16.0926,95.3802,20.4313,25.4978,27.0602,20.8845,11.5194,11.5317
2024-03-15,145.01,256.58,39.47,166.469,114.247,31.095,3401.6104,85.13,42.51,39.92,24.0267,165.828,33.49,13.34,229.2739,77.7396,239.2637,36.885,42.7729,25.7986,38.8358,34.0866,43.8139,56.2148,16.1266,95.516,20.5462,25.6919,27.1959,21.0414,11.7245,11.7672
2024-03-22,147.43,261.8,39.95,167.717,116.063,31.495,3453.3313,86.16,43.35,40.98,24.6885,169.15,34.33,13.7,235.8335,80.1823,244.1429,36.9088,42.8073,25.821,39.0457,34.1399,43.8465,56.2368,16.1338,95.6205,20.6822,25.7749,27.4251,21.1689,11.7316,11.7245
2024-03-29,152.65,266.48,40.82,171.266,117.02,31.944,3536.5871,87.673,43.89,41.69,25.1282,169.889,35.3,13.84,237.6008,81.0914,246.6141,36.9924,42.907,25.871,39.3165,34.2227,43.9532,56.3675,16.1645,95.7956,20.9256,26.0524,27.6909,21.3772,11.7687,11.716
2024-04-05,156.92,274.37,42.34,177.551,121.893,33.291,3663.8528,91.396,45.78,43.21,26.1519,179.805,36.54,14.44,247.7996,84.8038,261.7135,37.0062,42.9513,25.8875,39.8628,34.2806,43.9618,56.42,16.1813,95.9821,21.8063,27.1886,28.8763,22.3585,12.5961,12.5956
2024-04-12,157.1,274.32,42.38,177.431,122.314,33.361,3663.7136,91.858,45.88,43.53,26.1491,179.728,36.65,14.56,248.0812,84.8797,263.5828,36.9804,42.9695,25.8736,39.8585,34.3195,43.9411,56.3973,16.177,96.022,22.7946,28.5109,30.2017,23.3903,13.3792,13.3988
2024-04-19,154.57,271.9,41.64,173.274,121.132,32.856,3600.1211,90.077,45.61,43.24,26.0289,178.541,36.26,14.45,246.1367,84.2548,261.5034,36.9703,43.0034,25.8854,39.5435,34.3312,43.941,56.3704,16.1719,96.0662,23.0127,28.7049,30.4137,23.4991,13.1815,13.1869
2024-04-26,159.88,279.94,42.6,176.259,123.726,33.688,3733.3021,92.493,47.17,45.46,27.0307,183.71,37.46,14.86,252.678,87.8813,269.7797,37.0367,43.0802,25.9181,39.9381,34.4057,44.041,56.508,16.2053,96.2461,22.6652,28.3066,30.0453,23.196,12.9537,12.9012
2024-05-03,161.01,282.72,43.45,179.335,126.186,34.031,3816.5338,93.779,47.4,45.3,27.1677,183.707,37.56,14.87,254.1114,88.2143,269.4393,37.1467,43.1604,25.9753,40.1028,34.4627,44.1568,56.6163,16.2359,96.3965,22.4145,27.8896,29.5462,22.8471,12.7264,12.7201
2024-05-10,158.5,276.8,42.12,175.219,124.33,33.405,3715.4199,90.632,45.8,44.2,26.2248,178.722,36.55,14.51,245.9087,84.5599,258.8474,37.2291,43.2485,26.0259,39.6564,34.5191,44.2402,56.7166,16.2624,96.5575,22.8549,28.5606,30.2813,23.3593,13.4123,13.4213
2024-05-17,164.94,292.72,44.12,182.792,131.366,34.85,3884.1169,95.601,47.97,45.82,27.6315,185.743,38.29,14.95,254.1927,89.9127,268.3186,37.295,43.3418,26.0788,40.3269,34.5879,44.3448,56.8669,16.308,96.7558,22.8725,28.5881,30.3094,23.3989,13.719,13.71
2024-05-24,165.4,299.48,44.96,186.151,134.224,35.059,3924.925,97.744,48.31,45.87,28.1064,184.285,38.77,14.68,255.4534,89.8338,273.3696,37.4061,43.4358,26.1393,40.6889,34.659,44.4702,56.9976,16.3487,96.939,22.5283,28.1008,29.7766,22.9619,14.2296,14.2271
2024-05-31,163.97,294.99,44.32,183.215,132.437,34.367,3871.6612,96.513,47.93,45.63,28.0858,181.006,38.32,14.62,251.5561,88.6438,270.0318,37.4676,43.4884,26.1643,40.3877,34.706,44.5239,57.0546,16.3674,97.0133,22.621,28.2532,29.9501,23.1551,14.6389,14.6442
2024-06-07,172.06,304.75,45.48,188.193,136.764,35.396,4004.8745,99.525,48.62,47.22,28.5513,187.414,39.34,15.19,259.8101,91.67,277.1363,37.4733,43.5331,26.1891,40.9253,34.7483,44.5519,57.091,16.3762,97.1029,22.5488,28.1737,29.809,23.1251,14.459,14.4465
2024-06-14,180.11,318.45,47.81,196.157,143.555,36.884,4189.0784,104.762,50.4,49.41,29.6568,195.792,40.89,15.82,268.7917,95.816,284.8439,37.774,43.6188,26.2439,41.513,34.8154,44.6455,57.2064,16.4126,97.2828,22.3515,27.9279,29.6776,22.9338,13.9517,13.9186
2024-06-21,181.74,318.24,47.89,196.326,144.111,36.982,4167.2289,105.397,51.25,49.93,29.9229,199.476,41.25,16.0,269.1632,95.9862,287.5015,37.8422,43.6917,26.2873,41.6033,34.8836,44.7289,57.3165,16.4461,97.4341,22.7451,28.3484,30.1203,23.2514,14.3888,14.3354
2024-06-28,183.39,318.89,48.29,196.372,145.112,37.2,4207.2306,106.809,51.58,50.66,30.4832,200.745,41.97,16.06,271.7929,97.3255,286.6421,37.8575,43.7385,26.3014,41.7489,34.9374,44.7712,57.3966,16.4618,97.5384,22.4116,27.9269,29.7135,23.049,13.9223,13.8833
2024-07-05,186.26,324.92,49.56,201.369,149.341,37.877,4300.578,110.217,53.27,52.26,31.1798,208.253,42.75,16.37,276.4939,99.9512,295.5733,37.9405,43.8127,26.3511,42.2595,34.9893,44.8561,57.4905,16.4913,97.7305,22.6728,28.3479,30.1048,23.2389,14.3168,14.3307
2024-07-12,185.06,322.13,49.21,201.766,149.228,37.888,4322.6062,109.445,52.48,51.76,30.9576,207.933,42.5,16.28,275.8917,99.8474,295.4162,38.0207,43.8869,26.3969,42.4114,35.0556,44.9356,57.5863,16.5222,97.9271,22.8515,28.5372,30.2878,23.3737,14.517,14.4802
2024-07-19,181.55,314.62,48.1,198.778,145.728,37.367,4233.0639,105.725,51.03,50.34,30.1813,203.093,41.53,15.92,270.4463,97.8774,290.1549,38.1052,43.9715,26.4437,42.1761,35.1303,45.024,57.7149,16.5605,98.0905,23.0948,28.782,30.6545,23.5484,14.1321,14.0449
2024-07-26,187.73,323.0,49.65,205.79,150.487,38.611,4374.9703,109.092,53.24,52.34,30.9581,210.296,42.8,16.4,277.4653,100.8392,295.0892,38.2094,44.0692,26.5029,42.7762,35.2033,45.1294,57.8771,16.6045,98.3242,22.0496,27.6891,28.4343,22.502,12.9595,12.8978
2024-08-02,186.71,321.76,49.46,204.858,149.057,38.564,4378.4074,108.9,53.1,52.44,30.7728,212.605,43.11,16.37,278.1065,100.2675,294.9046,38.308,44.1468,26.5481,42.7891,35.2594,45.2296,57.9819,16.6381,98.5056,22.0507,27.4758,29.1404,22.7048,13.3131,13.2581
2024-08-09,184.68,316.67,49.17,201.966,147.568,37.981,4316.9947,108.702,52.82,51.81,30.1454,211.697,42.78,16.42,276.6766,97.409,293.8822,38.3717,44.2236,26.5921,42.5648,35.3199,45.3109,58.1107,16.6707,98.6656,21.6497,27.0355,28.6709,22.0993,12.7831,12.7181
2024-08-16,188.43,316.91,49.8,201.877,149.446,38.28,4326.2703,110.315,53.57,52.24,30.5863,212.88,43.29,16.83,277.2193,98.3337,291.2632,38.4532,44.2909,26.6327,42.7239,35.3685,45.3854,58.1832,16.6916,98.7785,21.9717,27.4046,29.0752,22.4499,12.9705,12.928
2024-08-23,191.52,321.56,50.59,205.35,151.274,39.077,4430.0056,112.853,54.66,54.42,31.3952,219.456,44.61,17.2,284.7775,101.0365,300.2636,38.5041,44.3684,26.673,43.1367,35.4293,45.4708,58.3003,16.7263,98.9841,22.2364,27.7467,29.4709,22.7493,13.3683,13.3254
2024-08-30,195.32,327.5,51.14,207.472,153.603,39.559,4473.3262,114.988,55.09,54.33,31.6055,219.942,45.09,17.18,289.3318,101.1116,300.1545,38.5645,44.4225,26.7073,43.391,35.4902,45.5318,58.3784,16.7502,99.099,22.4117,27.9594,29.6924,23.023,13.465,13.4204
2024-09-06,195.85,325.45,50.77,208.42,152.594,39.364,4465.3999,113.723,54.86,54.62,31.7614,219.363,45.74,17.29,292.6603,101.6194,302.3695,38.6384,44.4754,26.7392,43.3187,35.54,45.5991,58.4735,16.7719,99.2247,22.4008,27.9401,29.6431,22.9337,13.182,13.1375
2024-09-13,201.93,331.62,52.0,212.057,156.121,40.167,4555.2695,115.89,56.31,55.8,32.4504,224.065,46.91,17.68,295.2042,103.5343,305.0097,38.7789,44.5851,26.805,43.7353,35.621,45.7407,58.6435,16.8135,99.4219,22.7979,28.3976,30.1691,23.2735,13.5743,13.5877
2024-09-20,206.2,334.71,52.5,211.294,155.218,39.657,4615.0544,117.654,56.4,55.49,32.266,221.173,47.22,17.8,298.2704,103.9735,303.1508,38.8785,44.684,26.8698,43.8458,35.6975,45.8447,58.8291,16.8578,99.628,23.0735,28.7858,30.5311,23.5546,13.9892,13.9675
2024-09-27,206.21,337.76,52.44,213.612,157.293,40.326,4631.2349,118.455,56.3,55.65,32.395,221.911,46.73,17.65,297.1801,104.3904,306.5181,38.9585,44.7575,26.9273,44.044,35.7864,45.9069,58.9393,16.8928,99.8189,23.4742,29.2805,31.072,23.9932,14.3186,14.2673
2024-10-04,199.29,328.49,50.55,207.532,152.631,39.279,4506.3232,114.657,55.27,54.26,31.5008,219.336,45.76,17.23,292.2798,103.1489,296.2753,38.9331,44.7759,26.9379,43.4166,35.8367,45.9192,58.9645,16.8989,99.9959,23.6171,29.5018,31.2551,24.1314,14.5307,14.5112
2024-10-11,203.01,331.75,51.26,209.56,155.061,39.338,4580.2064,117.783,56.71,54.85,32.1031,221.898,46.73,17.63,294.8819,103.7228,298.0193,39.0505,44.8962,26.9921,43.5946,35.9071,46.0478,59.1353,16.9445,100.2543,23.4524,29.3025,31.0805,23.9766,14.209,14.165
2024-10-18,200.93,328.8,51.09,209.021,155.571,39.133,4560.7156,116.979,56.82,55.2,32.1867,221.603,47.05,17.69,295.6023,104.1973,296.8919,39.7213,44.9498,27.0039,43.5627,35.9753,46.0987,59.2136,16.958,100.3365,24.0607,30.0513,31.8622,24.5906,14.5565,14.5029
2024-10-25,190.32,310.7,48.79,200.808,148.644,36.962,4348.5948,111.53,52.34,51.67,29.8772,206.291,43.44,16.66,278.834,97.3335,279.7725,39.7525,44.9973,27.0258,42.7338,36.0162,46.1305,59.2503,16.9742,100.4835,24.1678,30.1941,31.9678,24.707,14.9828,14.9604
2024-11-01,193.77,315.39,48.88,204.576,149.849,37.55,4388.9109,112.875,55.1,54.38,31.3347,215.089,45.17,17.21,288.323,100.8316,291.6123,39.8234,45.0518,27.0486,43.1699,36.0471,46.2083,59.2943,16.987,100.5787,24.6759,30.8596,32.6634,25.233,15.2683,15.2201
2024-11-08,194.12,316.16,48.81,204.985,151.019,37.791,4407.6024,113.203,54.98,54.58,31.4533,216.079,45.16,17.17,286.5141,100.9513,290.2615,39.8817,45.1468,27.591,43.1982,36.1236,46.3051,59.423,17.0214,100.7252,23.9699,30.0068,31.8031,24.4996,14.4226,14.3901
2024-11-15,190.14,305.03,47.45,199.426,148.065,36.159,4270.0391,109.912,52.39,52.09,30.0303,207.253,43.38,16.37,273.7659,95.8178,280.6978,39.8385,45.1564,27.6031,42.5738,36.1503,46.3362,59.4269,17.0245,100.9629,22.8417,28.4931,30.2828,23.339,13.7239,13.6704
2024-11-22,194.2,310.58,48.46,200.752,149.498,36.656,4333.0606,112.061,53.11,52.88,30.5637,207.294,44.43,16.45,273.7614,96.4954,277.3134,39.8834,45.2271,27.6375,42.7373,36.2191,46.3763,59.4913,17.045,101.1092,24.1089,30.0644,31.8627,24.6703,14.3302,14.2782
2024-11-29,199.37,318.13,49.37,205.507,152.614,37.742,4415.5915,114.986,55.71,54.92,31.9663,216.423,46.32,17.2,286.164,100.3164,291.9751,40.0593,45.3552,27.6863,43.2984,36.3026,46.5253,59.6606,17.0927,101.2181,23.7504,29.6428,31.3975,24.2853,14.0702,14.033
2024-12-06,207.83,328.21,51.11,211.611,157.005,38.92,4568.9648,118.86,57.34,56.35,33.0412,223.139,48.01,17.54,294.0111,102.0026,296.3491,40.128,45.4469,27.7462,43.9035,36.3761,46.6114,59.7915,17.1385,101.4842,23.6282,29.5267,31.3147,24.1526,14.3088,14.2844
2024-12-13,208.98,330.85,51.71,212.915,157.27,38.915,4575.1125,119.463,57.3,56.42,33.0544,224.495,48.17,17.47,294.2844,102.6662,292.5576,40.2099,45.5073,27.7698,43.9772,36.4244,46.6959,59.8875,17.159,101.6079,23.8499,29.8156,31.6181,24.4005,14.128,14.0838
2024-12-20,206.06,317.03,50.26,206.698,153.579,37.575,4416.2083,116.16,56.4,55.13,32.1413,218.592,47.12,17.06,284.7981,99.8706,279.1982,40.1782,45.5173,27.7783,43.1752,36.4579,46.6683,59.8543,17.1551,101.6363,23.416,29.1906,30.9988,23.9348,13.4083,13.3901
2024-12-27,206.04,318.35,50.4,207.732,154.178,37.729,4426.9278,116.31,56.08,54.67,32.2471,220.08,47.28,17.11,284.5412,99.3915,279.4397,40.1883,45.5844,27.8098,43.2858,36.5157,46.7252,59.9004,17.1743,101.7128,23.7129,29.6021,31.3994,24.223,13.8697,13.8308
2025-01-03,208.89,320.0,51.27,210.939,156.085,38.023,4515.082,118.242,57.06,55.62,32.6213,222.551,47.83,17.32,287.9194,100.8111,285.4893,40.3251,45.6652,27.8521,43.6092,36.5746,46.819,59.9919,17.1998,101.9243,24.0095,29.9763,31.8138,24.5624,13.8768,13.8542
2025-01-10,197.15,302.75,48.0,200.567,149.094,36.008,4243.0042,111.488,52.91,51.87,30.3926,210.467,44.85,16.39,274.2111,94.7213,272.5558,40.3964,45.7223,27.8913,42.7719,36.6371,46.9003,60.0846,17.2245,102.0407,24.2382,30.2809,32.1511,24.8069,14.1712,14.1239
2025-01-17,193.06,303.12,47.3,198.216,145.317,35.743,4238.7599,110.789,52.15,51.25,30.3977,206.738,44.18,16.17,271.1588,93.8002,271.9322,40.4343,45.7642,27.9245,42.6411,36.6816,46.9604,60.1435,17.2446,101.9833,24.7177,30.8207,32.6722,25.2086,14.1601,14.1411
2025-01-24,185.93,295.11,45.63,194.563,141.518,34.751,4098.5065,107.57,49.55,48.31,28.7691,197.959,42.61,15.63,262.4228,89.3485,259.8834,40.5307,45.8752,27.9791,42.3143,36.7368,47.0783,60.2713,17.2821,102.0585,24.9967,31.2319,33.0915,25.5515,14.3245,14.3046
2025-01-31,185.01,298.74,45.68,195.306,141.194,34.886,4108.977,107.038,49.39,48.68,28.8273,197.281,42.83,15.62,265.1821,89.197,260.3413,40.6176,45.9479,28.0348,42.4478,36.8286,47.2013,60.3744,17.3162,102.2301,25.4869,31.8376,33.7423,25.9898,14.6818,14.626
2025-02-07,187.72,298.28,46.09,196.636,142.063,35.071,4126.0299,107.242,50.05,49.32,29.1911,198.824,43.22,15.8,266.4668,89.4269,262.5987,40.6557,46.0159,28.0821,42.616,36.8995,47.2789,60.5206,17.3565,102.5273,26.3703,32.975,34.9196,26.9289,14.9718,14.9573
2025-02-14,174.08,277.75,42.87,184.343,131.254,32.311,3823.9659,99.417,45.3,44.17,26.6122,182.913,39.19,14.65,241.8609,82.0898,239.525,41.572,46.0599,28.1011,41.6058,36.9354,47.3072,60.5518,17.3663,102.597,26.6996,33.3175,35.3873,27.2868,15.3062,15.2759
2025-02-21,176.61,284.19,43.56,185.65,132.522,32.744,3906.7586,100.578,45.74,44.7,26.8052,183.988,39.71,14.78,242.6903,82.5675,243.7534,41.6359,46.4636,28.1353,41.8939,36.9949,47.3693,60.6178,17.3871,102.7396,26.6276,33.2568,35.2469,27.3043,15.2282,15.1696
2025-02-28,168.97,269.35,41.66,178.626,125.416,31.287,3732.3968,96.293,43.15,42.18,25.5111,174.255,37.52,14.12,231.0912,78.827,232.726,41.6413,48.3719,28.158,40.9246,37.0519,47.4133,60.6326,17.395,102.8459,26.3162,32.7571,34.6798,26.7768,14.6691,14.5892
2025-03-07,173.99,279.03,43.07,183.279,130.304,32.509,3839.0856,99.112,45.38,44.98,26.8692,182.786,39.13,14.61,241.8591,82.6435,244.2255,41.692,52.1401,28.2079,41.4804,37.0998,47.5085,60.7143,17.4193,103.0965,26.6667,33.2984,35.2928,27.2368,15.2335,15.1723
2025-03-14,170.41,271.14,42.38,178.72,127.674,31.713,3759.2838,97.289,44.12,43.22,26.17,176.184,37.64,14.27,234.109,80.1766,238.2476,41.7489,52.2123,28.2344,41.0699,37.1645,47.5663,60.7828,17.4412,103.0806,26.8563,33.6499,35.577,27.4088,15.3867,15.352
2025-03-21,182.95,289.16,45.2,190.675,135.876,33.94,4027.4549,104.402,47.68,47.34,28.3844,189.132,40.72,15.19,248.1199,85.999,251.1891,41.9038,52.3763,28.3344,41.7847,37.299,47.7822,61.0763,17.5165,103.5612,27.3033,34.1164,36.121,27.916,15.2672,15.1858
2025-03-28,183.15,289.72,45.4,190.726,136.352,33.785,4055.302,104.488,47.08,46.35,28.0475,186.749,40.54,15.16,247.4865,85.6836,248.4411,42.1148,52.5612,28.4407,41.98,37.4385,47.9705,61.4317,17.6182,103.9579,27.4533,34.2963,36.3567,28.1494,15.76,15.7348
2025-04-04,179.41,277.64,43.95,184.712,131.54,32.909,3950.0107,101.528,45.46,45.45,27.424,182.73,39.48,14.76,244.0597,83.8332,244.4081,42.39,52.7876,28.5727,42.1777,37.6121,48.2155,61.8291,17.7261,104.532,27.6464,34.5825,36.5301,28.3717,14.5388,14.4656
2025-04-11,177.42,275.6,43.58,183.577,131.379,32.829,3947.0655,101.348,45.27,45.56,27.5709,182.931,39.7,14.88,247.2536,84.0416,244.6421,42.4838,52.8968,28.6385,42.246,37.7053,48.3276,61.9994,17.778,104.8531,28.7153,35.9013,38.0278,29.3115,14.6444,14.5701
2025-04-18,185.2,288.1,45.43,191.421,136.612,34.184,4111.6093,106.015,47.53,47.97,28.8405,188.871,41.48,15.51,256.4556,87.5667,255.7099,42.6242,53.0136,28.7192,42.3627,37.8099,48.4608,62.2532,17.844,104.9986,29.3306,36.6559,38.7294,29.9914,14.919,14.8592
2025-04-25,187.86,292.8,45.91,194.244,138.115,34.713,4157.7003,107.087,47.57,47.94,28.8292,188.79,41.62,15.46,258.6736,87.9972,256.3071,42.7031,53.1229,28.7716,42.4613,37.8966,48.5966,62.4122,17.8934,105.4185,29.5557,36.9555,39.1297,30.1981,15.3111,15.2591
2025-05-02,188.42,296.61,45.97,194.99,139.252,34.854,4167.3279,107.463,47.37,47.1,28.6131,185.931,41.44,15.33,256.8455,87.6879,255.9363,42.8029,53.2028,28.8099,42.5072,37.9695,48.6774,62.4894,17.9213,106.6719,29.0441,36.2769,38.4045,29.773,14.8339,14.7784
2025-05-09,185.73,295.27,45.72,193.533,138.958,34.483,4117.4498,106.858,46.91,46.16,28.1075,186.686,40.6,15.18,256.0917,87.1059,252.8331,42.7866,53.2149,28.7985,42.4665,37.9746,48.6542,62.408,17.8953,106.603,29.8897,37.2771,39.4323,30.4663,15.0474,14.9957
2025-05-16,200.29,317.31,48.65,205.197,147.698,36.741,4379.5452,113.183,50.36,49.73,30.3687,202.015,43.98,16.25,275.4665,93.2738,270.6278,43.0857,53.4501,28.9567,42.6761,38.1842,48.961,62.906,18.0332,107.4673,28.6981,36.0178,37.9356,29.3651,14.9655,14.8725
2025-05-23,200.25,316.59,48.68,206.302,147.717,36.917,4388.2934,113.476,50.29,49.89,30.3233,205.543,44.04,16.3,275.9941,93.8779,270.1382,43.2436,53.5474,29.0303,42.8107,38.2888,49.0844,63.1375,18.1043,107.763,29.3747,36.7255,38.9203,30.0595,15.2015,15.1531
2025-05-30,203.05,321.23,49.35,206.904,149.472,37.31,4415.5191,114.029,51.04,51.18,30.9132,212.192,44.65,16.47,278.1963,95.2318,272.5777,43.2801,54.0333,29.058,42.8486,38.3524,49.1478,63.1971,18.125,107.9228,29.3712,36.693,38.9196,30.0647,15.2999,15.2054
2025-06-06,211.63,334.94,50.74,210.705,153.174,38.384,4541.3148,117.377,52.27,51.61,31.7397,216.344,46.06,16.74,284.9251,97.4861,275.4104,43.4467,54.143,29.1823,42.9464,38.4883,49.3222,63.4117,18.1918,108.2241,29.9762,37.5149,39.6666,30.6635,16.5695,16.5022
2025-06-13,208.87,331.0,50.23,209.042,152.921,38.099,4478.1104,116.841,52.0,51.49,31.3877,216.924,45.79,16.74,283.9949,97.0027,275.013,43.2819,54.0884,29.0755,42.8155,38.3978,49.2021,63.0752,18.103,107.8599,30.6494,38.4114,40.6062,31.3794,16.7803,16.711
2025-06-20,210.26,330.81,50.28,209.226,153.173,38.185,4486.6107,117.166,51.95,50.59,31.0772,213.371,45.71,16.65,279.6003,96.1245,271.3579,43.3535,54.1353,29.1068,42.8663,38.4646,49.211,63.1478,18.1327,108.0357,30.3739,37.9898,40.1901,31.0639,16.7027,16.6465
2025-06-27,216.48,339.3,51.45,214.426,157.461,39.168,4592.7048,120.2,53.53,52.24,31.9456,220.731,46.98,17.24,286.7455,99.0221,282.3401,43.4257,54.1927,29.1273,42.8867,38.5296,49.3037,63.2012,18.1396,108.1972,29.4574,36.8753,38.9665,30.134,16.4588,16.3807
2025-07-04,215.71,341.21,51.47,217.529,157.857,39.456,4594.8264,120.46,54.49,52.66,32.1948,222.216,47.16,17.58,291.0228,99.4523,285.0746,43.5544,54.3357,29.2092,42.9929,38.652,49.4448,63.3951,18.2019,108.4399,29.8473,37.323,39.4973,30.5317,16.8124,16.7397
2025-07-11,216.23,334.03,50.91,215.905,156.43,39.221,4528.7518,117.764,54.18,52.87,31.9612,221.324,46.82,17.52,289.9229,98.7071,283.9272,43.6168,54.3836,29.2317,43.0346,38.8062,49.4992,63.4534,18.2156,108.6001,29.9612,37.4743,39.6692,30.6514,17.281,17.1874
2025-07-18,219.94,339.04,51.39,217.979,157.99,39.73,4571.5289,118.591,54.9,53.93,32.4316,224.237,47.7,17.82,294.9179,100.7303,286.6389,43.7042,54.4591,29.2722,43.0973,38.885,49.6276,63.5683,18.246,108.8662,30.1934,37.7278,39.8959,30.8549,17.6412,17.5757
2025-07-25,217.36,334.43,50.76,214.192,156.991,39.132,4533.4967,116.75,53.77,52.68,31.9041,219.751,46.86,17.51,287.7123,98.5767,279.1726,43.7427,54.4827,29.2966,43.1509,38.9187,49.6852,63.6231,18.2596,108.9388,30.2966,37.9164,40.0788,30.9816,17.9083,17.8276
2025-08-01,213.03,328.27,50.19,210.433,155.876,38.348,4449.0531,115.024,53.39,51.86,31.3763,214.927,45.55,17.35,280.7545,95.9463,274.5672,43.8067,54.5064,29.3294,43.1963,38.9801,49.689,63.6862,18.2783,109.052,30.2137,37.7912,39.938,30.9139,17.1123,17.0265
2025-08-08,212.53,325.71,49.89,208.66,154.631,38.089,4424.8804,114.589,52.33,50.3,30.9047,210.036,45.24,17.08,276.9774,94.1166,268.1409,43.8116,54.5024,29.3535,43.1833,39.0207,49.6819,63.6978,18.285,109.0688,31.1403,38.9008,41.2088,31.823,17.9708,17.8714
2025-08-15,215.93,328.55,50.43,210.619,156.109,38.454,4495.7365,116.19,52.99,50.35,31.1405,210.163,45.98,17.3,278.544,94.8538,270.6198,43.8192,54.5303,29.3467,43.1748,39.016,49.7018,63.6261,18.2666,108.9949,30.6889,38.3586,40.623,31.3868,17.922,17.8479
2025-08-22,220.96,335.37,51.99,214.055,159.235,39.343,4569.0379,118.981,54.63,51.35,31.6835,216.219,46.79,17.62,284.6804,96.66,276.3139,43.8156,54.5091,29.36,43.1681,39.0801,49.7254,63.5693,18.2646,109.042,30.4916,38.1822,40.3605,31.1738,17.7821,17.7026
2025-08-29,212.34,324.01,50.54,209.335,155.127,38.367,4432.8771,115.247,52.93,50.18,30.7001,213.749,45.01,17.14,277.0998,93.5594,268.9877,43.7701,54.5233,29.3644,43.1519,39.0897,49.686,63.5124,18.2655,109.0292,31.4825,39.3851,41.6745,32.1927,18.3637,18.2885
2025-09-05,217.08,330.23,51.4,211.634,157.3,39.303,4506.7112,117.093,54.25,51.5,31.3073,215.575,46.14,17.52,283.673,95.7409,274.1445,43.9103,54.6628,29.4362,43.2456,39.145,49.8503,63.6816,18.3064,109.2502,32.7275,41.0282,43.2009,33.456,19.2868,19.1597
2025-09-12,218.46,335.49,52.1,215.358,159.006,39.978,4585.0096,118.777,54.82,52.0,31.6991,217.484,46.6,17.71,289.2356,97.1248,277.2747,43.968,54.7168,29.4689,43.2963,39.2081,49.9406,63.7625,18.3255,109.3679,33.6651,42.1662,44.4703,34.4317,19.9427,19.9034
2025-09-19,222.62,340.79,52.9,218.769,162.75,40.652,4653.0849,120.521,56.33,52.83,32.42,220.102,47.53,18.09,293.5841,98.7476,283.8879,44.0285,54.7832,29.5005,43.3142,39.2715,50.0651,63.8382,18.3488,109.5535,33.6854,42.2157,44.5315,34.4412,19.9734,19.9016
2025-09-26,213.06,327.59,50.64,210.143,155.692,38.934,4469.8478,115.437,53.85,50.96,30.9188,212.49,45.28,17.28,283.3245,94.7331,273.3253,44.1424,54.8414,29.5409,43.3982,39.35,50.2045,63.9553,18.3823,109.7489,34.7709,43.5229,45.8793,35.5656,21.4823,21.4034
2025-10-03,215.47,334.3,51.7,213.642,159.424,39.808,4543.4549,117.326,54.74,51.78,31.4668,214.267,45.92,17.45,288.4686,96.2149,279.0592,44.3219,54.9615,29.608,43.49,39.4449,50.4067,64.1332,18.4292,110.0187,35.8372,45.2562,47.2809,36.6604,22.4686,22.4826
2025-10-10,220.52,339.03,52.44,217.337,161.519,40.364,4601.9133,119.016,55.06,52.05,31.8109,213.063,46.89,17.72,288.974,96.6671,280.4575,44.4186,55.0335,29.644,43.5821,39.5234,50.5493,64.2779,18.4726,110.2854,37.1576,46.4766,49.0577,38.0139,25.1686,24.7539
2025-10-17,223.59,343.1,52.61,217.991,161.303,40.496,4636.3657,119.936,55.06,51.77,31.8702,212.148,47.48,17.83,290.8221,97.6913,281.1536,44.5189,55.1194,29.7079,43.6814,39.6149,50.5989,64.4254,18.5136,110.4066,39.919,50.034,52.7022,40.7805,25.622,25.7919
2025-10-24,223.89,343.9,52.58,219.563,160.724,40.763,4654.5061,120.246,55.38,52.22,32.0586,213.495,47.76,17.91,293.77,98.838,283.6835,44.5403,55.1518,29.7209,43.6969,39.6461,50.6549,64.4244,18.5212,110.4487,37.0545,46.3709,48.9684,37.7638,22.295,22.2789
2025-10-31,223.15,346.49,52.75,221.524,160.771,41.115,4666.7731,120.982,55.79,52.86,32.3348,215.873,47.66,17.9,296.1463,99.7646,284.1178,44.5875,55.2071,29.7485,43.7088,39.7003,50.6843,64.4879,18.5407,110.5431,36.9471,46.1779,48.8056,37.7423,22.8902,22.8789
2025-11-07,223.24,344.92,52.44,221.567,159.433,41.034,4653.3048,120.617,54.95,52.43,31.9382,215.042,47.22,17.68,293.7237,99.5779,281.2036,44.6643,55.2826,29.7991,43.79,39.7675,50.7923,64.6272,18.5755,110.7215,36.8965,46.1126,48.7411,37.7266,22.837,22.8107
2025-11-14,223.28,350.81,52.81,224.345,160.391,41.371,4687.4299,122.1,55.88,52.42,32.0689,218.61,47.2,17.71,295.0472,99.688,283.9342,44.7433,55.3446,29.8294,43.8383,39.8255,50.8566,64.677,18.5929,110.9051,38.292,47.9727,50.645,39.1703,24.6009,24.6082
2025-11-21,222.78,348.2,52.34,223.281,158.539,41.127,4653.2175,121.344,54.89,51.54,31.6324,214.873,47.0,17.4,291.0389,98.1941,280.0449,44.7994,55.3744,29.846,43.8912,39.8757,50.9759,64.7306,18.6096,111.0342,37.6834,47.0578,49.807,38.4979,23.2352,23.2308
2025-11-28,226.75,351.17,52.97,226.069,159.594,41.528,4685.4303,122.59,55.28,51.62,31.8775,217.411,47.36,17.56,292.4933,98.5392,280.1464,44.8965,55.4702,29.9033,43.941,39.9548,51.0468,64.8352,18.6471,111.179,38.5991,48.2541,50.9475,39.4439,25.1711,25.1685
2025-12-05,223.42,347.9,52.44,224.68,157.951,41.376,4643.9594,122.054,53.81,50.22,31.2728,214.55,46.75,17.26,288.7302,96.5723,275.2755,44.9792,55.5517,29.9373,43.9946,40.0083,51.1742,64.9454,18.6679,111.2722,39.4618,49.4585,52.1225,40.3161,27.3428,27.3203
2025-12-12,223.11,348.77,52.34,223.398,158.202,41.263,4626.1539,121.662,53.46,49.91,30.8871,214.173,46.56,17.33,287.2701,96.9487,275.4354,44.8613,55.4877,29.8863,43.9401,39.9563,51.1464,64.7336,18.6191,111.1816,40.4349,50.5569,53.461,41.3414,29.5958,29.5605
2025-12-19,222.54,349.38,52.66,224.13,157.979,41.085,4618.7984,121.921,53.74,49.79,30.9718,214.96,46.6,17.15,285.8664,96.6686,273.0315,44.8744,55.5498,29.8983,43.977,39.998,51.1445,64.7517,18.6207,111.329,40.489,50.8415,53.5563,41.4322,30.9743,30.9114
2025-12-26,221.27,352.45,52.41,222.776,158.503,41.102,4629.2195,122.144,54.2,50.09,31.3546,216.031,46.6,17.25,287.8447,96.7504,273.8732,44.9651,55.6638,29.9438,44.0481,40.0714,51.2388,64.829,18.6549,111.5664,42.1247,52.8446,55.6269,43.1148,35.3561,33.48
2026-01-02,223.75,358.27,53.24,226.581,160.329,41.841,4719.473,123.666,54.92,50.8,31.6129,218.508,47.08,17.31,292.1441,97.8384,278.5669,45.0529,55.6913,29.9612,44.1024,40.1293,51.3377,64.8924,18.6682,111.7697,41.3562,51.602,54.3847,42.1963,35.6487,35.5876
2026-01-09,217.0,347.93,51.92,222.322,157.179,40.689,4603.849,120.697,52.8,49.04,30.5004,212.082,45.44,16.81,286.5435,94.9893,268.2106,45.8279,55.7138,29.9625,44.0967,40.1319,51.289,64.8401,18.662,111.5873,41.8995,52.4972,55.4217,42.8121,36.9912,36.9473
2026-01-16,216.14,350.31,51.72,223.518,156.12,40.862,4620.7066,120.817,52.63,48.32,30.5592,211.033,45.48,16.85,286.27,95.0413,265.1654,45.777,55.6857,29.9365,44.0682,40.1103,51.3323,64.7393,18.6297,111.4401,43.5144,54.4402,57.3429,44.4734,43.3092,43.2076
2026-01-23,205.56,335.05,49.91,217.297,149.4,39.023,4444.2733,116.827,50.07,46.24,28.9287,201.161,43.11,16.02,271.2275,90.2608,250.4082,45.7917,55.7617,29.9652,44.1164,40.1578,51.3182,64.7906,18.6382,111.7081,47.0877,59.2628,62.45,48.1844,47.1284,46.9265
2026-01-30,208.14,345.91,51.23,221.441,153.607,39.593,4556.4606,119.955,52.71,47.54,29.9911,205.24,43.85,16.48,279.3773,93.8861,256.2755,45.8165,55.7705,29.981,44.1663,40.2351,51.4221,64.8745,18.6573,111.9291,48.8414,60.7171,62.9863,49.7868,45.0789,50.5695
2026-02-06,215.58,356.77,51.92,223.961,157.348,40.273,4675.693,121.337,53.5,49.34,30.265,211.33,45.32,16.71,284.2478,96.1632,261.9882,45.9446,54.7938,30.032,44.2337,40.3308,51.5224,64.9834,18.7045,112.0621,46.2732,57.8419,60.9145,47.2758,35.9493,35.8193
2026-02-13,218.85,358.89,52.28,223.49,158.524,40.475,4739.5482,121.048,54.35,49.64,30.4339,215.54,46.37,16.76,285.3309,96.77,263.0243,46.126,55.1349,30.1217,44.3266,40.4931,51.7114,65.2215,18.7672,112.42,46.6153,58.4339,61.6428,47.607,37.2769,37.1066
2026-02-20,217.62,360.08,52.66,224.106,158.61,40.443,4741.7743,121.395,55.13,49.49,30.6108,215.009,46.07,16.79,284.205,97.0302,261.0658,46.1704,55.204,30.1399,44.3621,40.5544,51.7128,65.2649,18.7785,112.4993,47.1334,59.0112,62.2409,48.103,37.8556,37.7519
2026-02-27,214.78,360.56,52.7,223.956,159.422,40.339,4747.6248,121.081,55.02,49.24,30.3643,215.029,45.84,16.68,280.7476,96.019,258.4345,46.2947,55.3163,30.1967,44.4506,40.6807,51.8156,65.4071,18.8159,112.7222,48.6643,60.9243,64.242,49.6981,40.4354,40.3323
2026-03-06,208.55,352.69,51.3,215.237,154.947,38.974,4603.0769,118.482,53.91,47.79,29.7944,206.57,44.52,16.32,270.0109,93.3846,251.8471,46.2912,55.6783,30.2049,44.4767,40.7361,51.7753,65.3947,18.8196,112.8224,48.3309,60.5621,63.7918,49.3637,39.4837,39.3701
2026-03-13,197.07,334.45,48.73,205.997,147.135,37.257,4394.9266,112.492,50.82,46.03,28.4992,198.93,41.98,15.65,258.8484,89.1647,246.7671,46.2637,55.6974,30.19,44.4575,40.7114,51.6843,65.3196,18.7942,112.8133,48.1963,60.3295,63.6173,49.2485,39.0945,39.0079
2026-03-20,198.02,336.37,48.93,204.935,146.765,37.379,4373.8915,112.016,51.34,46.81,28.7132,199.855,42.36,15.69,259.0075,89.9062,248.637,46.2124,55.711,30.1793,44.4729,40.7302,51.6705,65.2998,18.7986,112.8477,44.7141,56.1329,59.292,45.7085,35.0985,35.0855
2026-03-27,195.07,332.13,48.4,204.038,145.7,36.81,4315.0439,110.937,51.47,46.64,28.5725,197.744,42.05,15.66,257.4122,88.974,245.1714,46.0305,55.617,30.0924,44.3798,40.639,51.5816,65.0894,18.7377,112.4518,43.5121,54.3701,57.3052,44.3541,33.9168,33.8964
2026-04-03,193.53,328.8,47.9,202.243,144.661,36.489,4275.0867,109.77,50.99,47.1,28.4714,200.3,41.93,15.56,262.2258,89.2466,247.9952,46.0995,55.3368,30.0524,44.3741,40.6639,51.5768,65.0363,18.7302,112.2884,44.5501,55.8675,58.7733,45.5197,34.6288,34.4431
2026-04-10,210.2,357.09,51.67,215.548,155.462,39.103,4603.6735,118.017,54.85,50.89,30.5988,214.827,45.07,16.59,282.4512,95.2206,264.301,46.5046,55.7138,30.2735,44.6093,40.9129,52.0912,65.507,18.8709,113.1475,45.619,57.1641,60.2776,46.5738,36.2696,36.1279
2026-04-17,217.01,369.65,52.89,220.058,160.676,40.315,4775.8324,121.284,56.62,53.58,31.7056,222.464,46.65,17.11,293.3071,98.4151,271.9026,46.6112,59.2089,30.3269,44.6929,41.0102,52.1619,65.6287,18.9155,113.3573,46.1115,57.6673,60.9863,47.047,38.1114,37.9754
2026-04-24,216.92,366.83,52.83,218.074,161.262,40.143,4760.1555,121.17,57.24,54.23,31.6986,221.734,46.58,17.21,294.232,100.0201,273.1087,46.5666,59.2055,30.3088,44.6776,41.0082,52.0872,65.5786,18.8959,113.4097,45.7653,57.3157,60.5218,46.7202,36.5012,36.3409
2026-05-01,217.06,371.42,52.7,217.72,160.518,40.492,4747.2139,121.41,58.54,54.92,32.6631,223.996,46.86,17.52,299.8797,101.6829,280.4819,46.491,58.7126,30.2559,44.6472,40.9781,52.0265,65.4828,18.8738,113.4404,45.6596,57.1165,60.332,46.5583,36.3922,36.2773
2026-05-08,227.68,382.21,54.86,223.895,165.582,41.835,4897.8121,125.869,61.21,57.31,34.0241,231.103,48.95,18.08,312.3766,105.4375,292.1925,46.6663,58.9014,30.3533,44.758,41.1235,52.1667,65.683,18.9364,113.641,45.926,57.522,60.698,46.9251,38.5079,38.2943
2026-05-15,219.68,376.31,53.43,218.423,160.712,40.902,4779.1482,123.151,59.38,55.42,33.3294,223.14,47.52,17.68,304.3869,102.8362,285.368,46.5326,58.8411,30.2891,44.7108,41.05,52.0344,65.5218,18.8831,113.5283,47.7529,59.9283,63.2207,48.8551,39.9543,39.8345
2026-05-22,221.76,380.93,53.99,220.359,162.551,41.62,4845.0215,124.477,59.77,56.07,33.3023,226.029,47.47,17.85,308.6114,103.5386,286.8536,46.4834,58.8283,30.241,44.6298,40.9982,52.0452,65.3546,18.8366,113.4248,48.2131,60.3899,63.7072,49.2223,40.4556,40.2623
2026-05-29,222.36,380.79,54.3,221.322,162.367,41.522,4835.9261,124.457,60.24,57.84,33.7437,228.044,48.09,17.91,308.581,104.5359,292.9274,46.6663,59.345,30.3471,44.6987,41.1534,52.2128,65.5938,18.9076,113.5969,47.5335,59.5163,62.8562,48.4937,39.9439,39.7555
2026-06-05,222.51,374.63,53.82,220.327,162.614,40.966,4777.1572,123.018,59.89,58.29,33.8646,230.591,48.9,17.86,307.5093,104.6339,294.484,46.8845,59.5661,30.4732,44.8928,41.3393,52.4282,65.9107,18.9987,114.0119,47.216,59.1229,62.2324,48.1994,39.0101,38.8314
2026-06-12,223.7,374.95,53.86,220.156,163.466,40.903,4788.4765,123.028,60.38,58.59,34.1505,231.236,49.08,18.13,308.41,104.818,295.6496,47.1374,59.4806,30.6099,45.0782,41.5344,52.6859,66.2933,19.112,114.3006,45.0392,56.4431,59.4409,45.9514,36.7926,36.6262
2026-06-19,234.86,388.22,55.94,226.497,169.553,42.273,4966.2046,126.667,62.94,61.11,35.5914,237.149,51.57,18.74,322.2419,108.2471,305.706,47.2673,59.5849,30.6718,45.1836,41.6234,52.8129,66.4629,19.1515,114.5436,44.2416,55.4546,58.3414,45.1937,35.4758,35.2951
2026-06-26,235.25,382.14,55.57,226.915,168.272,42.326,4934.3587,125.863,62.65,60.62,35.7678,239.846,51.74,18.69,318.6893,108.0401,307.0927,47.4743,60.1283,30.7602,45.3291,41.7603,53.0707,66.69,19.2212,114.7983,42.3836,53.1863,55.9795,43.279,33.1947,32.9269
2026-07-03,241.36,380.54,55.86,229.594,169.953,43.238,4955.5286,127.064,63.08,61.65,36.4354,242.743,52.95,19.0,321.7878,109.2581,313.5792,47.7655,60.3537,30.874,45.4979,41.8936,53.4455,66.9905,19.3161,115.3107,44.4697,55.6616,58.7507,45.3734,35.421,35.274
2026-07-10,243.45,382.35,56.57,231.97,172.034,43.836,4999.6424,128.3,64.38,61.99,36.9165,246.752,53.19,19.16,328.7135,110.3696,313.9712,47.7441,60.3496,30.8677,45.4942,41.8839,53.4197,66.9512,19.2966,115.2098,43.6402,54.6637,57.6969,44.5647,33.4618,33.2842
2026-07-17,240.76,379.8,56.48,229.279,171.164,43.669,4945.9003,127.303,63.65,62.11,36.6613,245.646,52.72,18.94,323.2067,109.4685,313.4689,47.7248,60.3545,30.8671,45.4969,41.8973,53.3838,66.9269,19.2846,115.345,42.7608,53.7762,56.5802,43.701,32.828,32.66
2026-07-24,236.65,374.08,55.33,227.323,168.139,42.891,4893.7136,126.014,63.15,61.9,36.0681,243.527,51.67,18.85,316.1968,108.6614,306.2382,47.7104,60.3729,30.8819,45.5108,41.9272,53.3133,66.9387,19.2806,115.5374,43.5504,54.5607,57.4335,44.4551,33.8282,33.6214
2026-07-31,240.52,382.26,56.32,233.488,170.677,43.979,4987.0854,128.534,64.13,62.49,36.6914,244.476,52.88,19.19,320.9129,110.8455,308.9555,47.8349,60.5041,30.9439,45.6025,42.0466,53.4635,67.0866,19.3244,115.6385,43.269,54.2412,57.1617,44.1725,33.0988,32.9108
2026-08-07,243.44,388.72,57.45,236.719,172.695,44.313,5049.2657,129.718,65.91,64.43,37.669,250.824,54.14,19.82,332.646,113.9601,315.5842,47.9976,60.6689,31.0199,45.6878,42.1573,53.7057,67.2855,19.3803,115.8682,45.6014,57.2238,60.3374,46.5187,35.279,35.1336
2026-08-14,242.22,391.32,58.08,236.372,172.379,44.387,5063.2208,130.317,66.89,65.1,38.0675,254.226,54.04,20.04,333.3166,115.2586,313.2968,48.0998,60.7711,31.0666,45.7543,42.2431,53.899,67.3725,19.4084,116.0296,46.2084,57.8938,61.118,47.2031,35.4263,35.2517
2026-08-21,243.87,394.15,58.57,236.588,172.898,44.593,5055.2813,130.867,67.51,65.79,38.6796,257.488,54.47,20.36,337.3861,115.6859,317.1043,47.9549,60.6385,31.0155,45.6891,42.1495,53.6993,67.125,19.3371,115.9073,48.563,60.8303,64.2627,49.4972,37.2553,37.1148
2026-08-28,245.07,399.3,58.69,237.066,173.634,45.039,5045.8416,131.382,67.95,66.14,38.943,258.521,54.88,20.32,335.4719,116.7852,321.7711,47.9642,60.6747,31.0356,45.6975,42.2016,53.7293,67.1539,19.3408,115.9812,48.3391,60.6083,63.9426,49.3748,36.8949,36.7146
2026-09-04,242.94,391.79,57.86,234.584,171.8,44.546,4987.3718,129.994,67.76,66.18,38.9099,258.27,54.76,20.38,335.4307,116.7022,322.6375,48.0555,60.8263,31.1078,45.7416,42.3269,53.8203,67.3374,19.3902,116.3378,46.9757,58.9694,62.1366,47.9712,35.6601,35.4961
2026-09-11,241.27,384.71,57.43,230.603,169.773,43.968,4943.7593,128.52,68.18,66.35,39.1119,257.499,54.44,20.34,336.7691,116.7096,322.1508,48.0275,60.8552,31.1035,45.7612,42.34,53.7778,67.2849,19.3771,116.3843,46.2005,57.92,61.0345,47.2103,34.7266,34.5296
2026-09-18,240.16,387.28,57.34,231.413,169.708,43.945,4948.341,128.11,67.89,65.99,38.8269,257.882,54.17,20.33,336.1129,115.6147,320.7702,48.0349,60.8855,31.1046,45.8092,42.3742,53.8184,67.2989,19.3834,116.3699,46.7213,58.5296,61.7517,47.672,35.8754,35.6992
2026-09-25,237.39,379.81,56.25,226.38,166.431,42.859,4886.5799,125.971,67.2,66.59,38.4942,256.991,53.91,20.26,330.4334,115.0516,318.935,48.0273,60.8639,31.0899,45.7781,42.3565,53.7491,67.1876,19.3594,116.31,45.971,57.6652,60.8036,46.9367,35.0253,34.8581
