Date,Nifty_50
2022-01-07,17812.69921875
2022-01-14,18255.75
2022-01-21,17617.150390625
2022-01-28,17101.94921875
2022-02-04,17516.30078125
2022-02-11,17374.75
2022-02-18,17276.30078125
2022-02-25,16658.400390625
2022-03-04,16245.349609375
2022-03-11,16630.44921875
2022-03-18,17287.05078125
2022-03-25,17153.0
2022-04-01,17670.44921875
2022-04-08,17784.349609375
2022-04-15,17475.650390625
2022-04-22,17171.94921875
2022-04-29,17102.55078125
2022-05-06,16411.25
2022-05-13,15782.150390625
2022-05-20,16266.150390625
2022-05-27,16352.4501953125
2022-06-03,16584.30078125
2022-06-10,16201.7998046875
2022-06-17,15293.5
2022-06-24,15699.25
2022-07-01,15752.0498046875
2022-07-08,16220.599609375
2022-07-15,16049.2001953125
2022-07-22,16719.44921875
2022-07-29,17158.25
2022-08-05,17397.5
2022-08-12,17698.150390625
2022-08-19,17758.44921875
2022-08-26,17558.900390625
2022-09-02,17539.44921875
2022-09-09,17833.349609375
2022-09-16,17530.849609375
2022-09-23,17327.349609375
2022-09-30,17094.349609375
2022-10-07,17314.650390625
2022-10-14,17185.69921875
2022-10-21,17576.30078125
2022-10-28,17786.80078125
2022-11-04,18117.150390625
2022-11-11,18349.69921875
2022-11-18,18307.650390625
2022-11-25,18512.75
2022-12-02,18696.099609375
2022-12-09,18496.599609375
2022-12-16,18269.0
2022-12-23,17806.80078125
2022-12-30,18105.30078125
2023-01-06,17859.44921875
2023-01-13,17956.599609375
2023-01-20,18027.650390625
2023-01-27,17604.349609375
2023-02-03,17854.05078125
2023-02-10,17856.5
2023-02-17,17944.19921875
2023-02-24,17465.80078125
2023-03-03,17594.349609375
2023-03-10,17412.900390625
2023-03-17,17100.05078125
2023-03-24,16945.05078125
2023-03-31,17359.75
2023-04-07,17599.150390625
2023-04-14,17828.0
2023-04-21,17624.05078125
2023-04-28,18065.0
2023-05-05,18069.0
2023-05-12,18314.80078125
2023-05-19,18203.400390625
2023-05-26,18499.349609375
2023-06-02,18534.099609375
2023-06-09,18563.400390625
2023-06-16,18826.0
2023-06-23,18665.5
2023-06-30,19189.05078125
2023-07-07,19331.80078125
2023-07-14,19564.5
2023-07-21,19745.0
2023-07-28,19646.05078125
2023-08-04,19517.0
2023-08-11,19428.30078125
2023-08-18,19310.150390625
2023-08-25,19265.80078125
2023-09-01,19435.30078125
2023-09-08,19819.94921875
2023-09-15,20192.349609375
2023-09-22,19674.25
2023-09-29,19638.30078125
2023-10-06,19653.5
2023-10-13,19751.05078125
2023-10-20,19542.650390625
2023-10-27,19047.25
2023-11-03,19230.599609375
2023-11-10,19425.349609375
2023-11-17,19731.80078125
2023-11-24,19794.69921875
2023-12-01,20267.900390625
2023-12-08,20969.400390625
2023-12-15,21456.650390625
2023-12-22,21349.400390625
2023-12-29,21731.400390625
2024-01-05,21710.80078125
2024-01-12,21894.55078125
2024-01-19,21622.400390625
2024-01-26,21352.599609375
2024-02-02,21853.80078125
2024-02-09,21782.5
2024-02-16,22040.69921875
2024-02-23,22212.69921875
2024-03-01,22338.75
2024-03-08,22493.55078125
2024-03-15,22023.349609375
2024-03-22,22096.75
2024-03-29,22326.900390625
2024-04-05,22513.69921875
2024-04-12,22519.400390625
2024-04-19,22147.0
2024-04-26,22419.94921875
2024-05-03,22475.849609375
2024-05-10,22055.19921875
2024-05-17,22466.099609375
2024-05-24,22957.099609375
2024-05-31,22530.69921875
2024-06-07,23290.150390625
2024-06-14,23465.599609375
2024-06-21,23501.099609375
2024-06-28,24010.599609375
2024-07-05,24323.849609375
2024-07-12,24502.150390625
2024-07-19,24530.900390625
2024-07-26,24834.849609375
2024-08-02,24717.69921875
2024-08-09,24367.5
2024-08-16,24541.150390625
2024-08-23,24823.150390625
2024-08-30,25235.900390625
2024-09-06,24852.150390625
2024-09-13,25356.5
2024-09-20,25790.94921875
2024-09-27,26178.94921875
2024-10-04,25014.599609375
2024-10-11,24964.25
2024-10-18,24854.05078125
2024-10-25,24180.80078125
2024-11-01,24304.349609375
2024-11-08,24148.19921875
2024-11-15,23532.69921875
2024-11-22,23907.25
2024-11-29,24131.099609375
2024-12-06,24677.80078125
2024-12-13,24768.30078125
2024-12-20,23587.5
2024-12-27,23813.400390625
2025-01-03,24004.75
2025-01-10,23431.5
2025-01-17,23203.19921875
2025-01-24,23092.19921875
2025-01-31,23508.400390625
2025-02-07,23559.94921875
2025-02-14,22929.25
2025-02-21,22795.900390625
2025-02-28,22124.69921875
2025-03-07,22552.5
2025-03-14,22397.19921875
2025-03-21,23350.400390625
2025-03-28,23519.349609375
2025-04-04,22904.44921875
2025-04-11,22828.55078125
2025-04-18,23851.650390625
2025-04-25,24039.349609375
2025-05-02,24346.69921875
2025-05-09,24008.0
2025-05-16,25019.80078125
2025-05-23,24853.150390625
2025-05-30,24750.69921875
2025-06-06,25003.05078125
2025-06-13,24718.599609375
2025-06-20,25112.400390625
2025-06-27,25637.80078125
2025-07-04,25461.0
2025-07-11,25149.849609375
2025-07-18,24968.400390625
2025-07-25,24837.0
2025-08-01,24565.349609375
2025-08-08,24363.30078125
2025-08-15,24631.30078125
2025-08-22,24870.099609375
2025-08-29,24426.849609375
2025-09-05,24741.0
2025-09-12,25114.0
2025-09-19,25327.05078125
2025-09-26,24654.69921875
2025-10-03,24894.25
2025-10-10,25285.349609375
2025-10-17,25709.849609375
2025-10-24,25795.150390625
2025-10-31,25722.099609375
2025-11-07,25492.30078125
2025-11-14,25910.05078125
2025-11-21,26068.150390625
2025-11-28,26202.94921875
2025-12-05,26186.44921875
2025-12-12,26046.94921875
2025-12-19,25966.400390625
2025-12-26,26042.30078125
2026-01-02,26328.55078125
2026-01-09,25683.30078125
2026-01-16,25694.349609375
2026-01-23,25048.650390625
2026-01-30,25320.650390625
2026-02-06,25693.69921875
2026-02-13,25471.099609375
2026-02-20,25571.25
2026-02-27,25178.650390625
2026-03-06,24450.44921875
2026-03-13,23151.099609375
2026-03-20,23114.5
2026-03-27,22819.599609375
2026-04-03,22713.099609375
2026-04-10,24050.599609375
2026-04-17,24353.55078125
2026-04-24,23897.94921875
2026-05-01,23997.55078125
2026-05-08,24176.150390625
2026-05-15,23643.5
2026-05-22,23719.30078125
2026-05-29,23547.75
2026-06-05,23366.69921875
2026-06-12,23622.900390625
2026-06-19,24013.099609375
2026-06-26,24056.0
2026-07-03,24270.849609375
2026-07-10,24206.900390625
2026-07-17,24334.30078125
2026-07-24,23767.44921875
2026-07-31,24383.599609375
2026-08-07,24570.650390625
2026-08-14,24366.0
2026-08-21,24252.0
2026-08-28,24175.650390625
2026-09-04,23897.69921875
2026-09-11,23398.099609375
2026-09-18,23346.400390625
2026-09-25,23140.5
